{
  "regime": "high_vol",
  "seed": 42,
  "bars": 2000,
  "strategy": {
    "name": "sma_cross_atr_stops",
    "fast": 10,
    "slow": 30,
    "atrN": 14,
    "atrMult": 1.5,
    "tpR": 2
  },
  "train": {
    "bars": 1200,
    "trades": 41,
    "winRate": 0.21951219512195122,
    "profitFactor": 0.5625,
    "expectancy": -0.34146341463414637,
    "sharpe": -1.7391639824998375,
    "maxDrawdownR": 17,
    "totalR": -14
  },
  "test": {
    "bars": 800,
    "trades": 23,
    "winRate": 0.4782608695652174,
    "profitFactor": 1.8333333333333337,
    "expectancy": 0.43478260869565233,
    "sharpe": 1.3608276348795438,
    "maxDrawdownR": 5,
    "totalR": 10.000000000000004
  },
  "overall": {
    "bars": 2000,
    "trades": 66,
    "winRate": 0.3181818181818182,
    "profitFactor": 0.9333333333333333,
    "expectancy": -0.0454545454545454,
    "sharpe": -0.26226526415648077,
    "maxDrawdownR": 17,
    "totalR": -2.9999999999999964
  },
  "generalizationGap": {
    "sharpeGap": -3.0999916173793816,
    "winRateGap": -0.2587486744432662,
    "expectancyGap": -0.7762460233297988,
    "testWorseThanTrain": false
  },
  "timestamp": "2026-04-26T17:27:26.648Z"
}